Previous Caption,Current Caption,Transition Summary
a dog walking down a dirt road with red flowers,a dog running down a dirt road with red flowers,the dog walks down the dirt path with a red flower.
a dog running down a dirt road with red flowers,a black cat walking down a dirt path,the dog is running away from the cat.
a black cat walking down a dirt path,a person walking down a dirt road with a dog,the dog walks down the dirt trail.
a person walking down a dirt road with a dog,a man walking down a dirt path with red flowers,the person who is walking with the dog is now walking in the same direction.
a man walking down a dirt path with red flowers,a man walking down a dirt path with a backpack,the man walks down the dirt road with the backpack and the flowers.
a man walking down a dirt path with a backpack,a man walking down a dirt path with a backpack,the man walks down the dirt road with his backpack and a bag.
a man walking down a dirt path with a backpack,a person walking down a dirt path with red flowers,the man walks down the dirt road with the backpack and the flowers.
a person walking down a dirt path with red flowers,a person walking down a dirt path with red flowers,the person walks down the dirt road with a red flower.
a person walking down a dirt path with red flowers,a man walking down a dirt path with a backpack,the man walks down the dirt road with the backpack and the woman walks up the path.
a man walking down a dirt path with a backpack,a man walking down a dirt path with a backpack,the man walks down the dirt road with his backpack and a bag.
a man walking down a dirt path with a backpack,a person walking down a dirt path with red flowers,the man walks down the dirt road with the backpack and the flowers.
a person walking down a dirt path with red flowers,a man walking down a dirt path with red flowers,the man walks down the dirt road with a red flower.
a man walking down a dirt path with red flowers,a person walking down a dirt road with red flowers,the man walks down the dirt trail with a red flower.
a person walking down a dirt road with red flowers,a person walking down a dirt road with red flowers,the person walks down the dirt path with a red flower.
a person walking down a dirt road with red flowers,a person walking down a dirt path with red flowers,the person walks down the dirt pathway with green flowers and the other person is walking on the path.
